{
  "IcoMoonType": "selection",
  "icons": [
    {
      "icon": {
        "paths": [
          "M512 58.669c-249.974 0-453.333 203.36-453.333 453.334s203.359 453.332 453.333 453.332c249.974 0 453.335-203.359 453.335-453.332s-203.361-453.334-453.335-453.334zM512 912.003c-220.564 0-399.999-179.436-399.999-400 0-220.567 179.435-400.001 399.999-400.001 220.567 0 400 179.433 400 400.001 0 220.564-179.433 400-400 400z",
          "M718.871 366.085l-235.287 235.274-120.714-120.704c-2.47-2.493-5.412-4.475-8.65-5.832-3.241-1.354-6.717-2.056-10.227-2.063-3.512-0.008-6.991 0.676-10.237 2.017-3.246 1.339-6.195 3.308-8.678 5.791-2.483 2.481-4.452 5.43-5.793 8.676s-2.028 6.725-2.020 10.237c0.005 3.51 0.707 6.986 2.061 10.227s3.336 6.18 5.829 8.653l139.574 139.564c5.204 5.215 12.032 7.818 18.857 7.818 6.828 0 13.655-2.604 18.86-7.818l254.134-254.134c2.547-2.46 4.577-5.402 5.975-8.655s2.135-6.753 2.166-10.294c0.031-3.54-0.645-7.053-1.987-10.33-1.339-3.277-3.32-6.254-5.824-8.758s-5.481-4.485-8.758-5.827c-3.277-1.339-6.789-2.015-10.33-1.984s-7.040 0.768-10.294 2.163c-3.254 1.398-6.195 3.43-8.655 5.978z"
        ],
        "attrs": [
          {},
          {}
        ],
        "isMulticolor": false,
        "isMulticolor2": false,
        "grid": 0,
        "tags": [
          "chek"
        ]
      },
      "attrs": [
        {},
        {}
      ],
      "properties": {
        "order": 2,
        "id": 0,
        "name": "chek",
        "prevSize": 32
      },
      "setIdx": 0,
      "setId": 6,
      "iconIdx": 0
    }
  ],
  "height": 1024,
  "preferences": {
    "showGlyphs": true,
    "showQuickUse": true,
    "showQuickUse2": true,
    "showSVGs": true,
    "fontPref": {
      "prefix": "icon-",
      "metadata": {
        "fontFamily": "icomoon"
      },
      "metrics": {
        "emSize": 1024,
        "baseline": 6.25,
        "whitespace": 50
      },
      "embed": false
    },
    "imagePref": {
      "prefix": "icon-",
      "png": true,
      "useClassSelector": true,
      "color": 0,
      "bgColor": 16777215,
      "classSelector": ".icon",
      "name": "icomoon"
    },
    "historySize": 50,
    "showCodes": true,
    "gridSize": 16
  }
}